{
  "train_loss": [
    1.6492333213488262,
    1.6068657040596008,
    1.6062773863474529,
    1.6006743907928467,
    1.5937099854151409,
    1.564746658007304,
    1.4948154489199321,
    1.4075079957644145,
    1.3599226673444111,
    1.3087105751037598,
    1.236396054426829,
    1.2158166766166687,
    1.1791239976882935,
    1.1713000337282817,
    1.1522900263468425,
    1.1602803866068523,
    1.1706308722496033,
    1.1456482807795207,
    1.1438429951667786,
    1.147796352704366
  ],
  "val_loss": [
    1.7366143336167206,
    1.546742226626422,
    1.3982986276214187,
    1.2360609512071352,
    1.1490273572303153,
    0.9510956277718415,
    0.8680640410732579,
    0.8247570443797756,
    0.8104545554599246,
    0.8060745065276688
  ],
  "val_accuracy": [
    0.18243243243243243,
    0.2972972972972973,
    0.31756756756756754,
    0.5675675675675675,
    0.5675675675675675,
    0.6216216216216216,
    0.6554054054054054,
    0.7094594594594594,
    0.7027027027027027,
    0.7027027027027027
  ],
  "macro_precision": [
    0.06794799864292145,
    0.09641025960445404,
    0.31894737482070923,
    0.5279237031936646,
    0.5252380967140198,
    0.5772210359573364,
    0.5916261076927185,
    0.6569311618804932,
    0.6328655481338501,
    0.6328655481338501
  ],
  "macro_recall": [
    0.3499999940395355,
    0.22380952537059784,
    0.32248425483703613,
    0.44362086057662964,
    0.5440251231193542,
    0.5908580422401428,
    0.6093217134475708,
    0.6676549911499023,
    0.6688454747200012,
    0.6688454747200012
  ],
  "macro_f1": [
    0.11256039142608643,
    0.12611806392669678,
    0.24063149094581604,
    0.3887854218482971,
    0.46262383460998535,
    0.5433333516120911,
    0.5647580027580261,
    0.6413596868515015,
    0.6215301752090454,
    0.6215301752090454
  ],
  "weighted_f1": [
    0.06458088513967153,
    0.15712178720010295,
    0.27952854053394216,
    0.51715087890625,
    0.5236927754170185,
    0.5927927687361434,
    0.628387451171875,
    0.6909019367114918,
    0.6819503887279613,
    0.6819503887279613
  ],
  "balanced_accuracy": [
    0.3499999940395355,
    0.22380952537059784,
    0.32248425483703613,
    0.44362086057662964,
    0.5440251231193542,
    0.5908580422401428,
    0.6093217134475708,
    0.6676549911499023,
    0.6688454747200012,
    0.6688454747200012
  ],
  "generalization_gap": [
    0.12974862955711974,
    -0.05393216416642477,
    -0.1664480303858853,
    -0.17144704455727933,
    -0.15968321787344442,
    -0.26472104884482717,
    -0.3032359926550239,
    -0.3355233422270767,
    -0.3351937253195961,
    -0.3417218461766972
  ],
  "per_class_accuracy": [
    {
      "anthracnose": 1.0,
      "botrytis_bunch_rot": 0.0,
      "downy_mildew": 0.0,
      "healthy": 0.0,
      "powdery_mildew": 0.75
    },
    {
      "anthracnose": 0.1428571492433548,
      "botrytis_bunch_rot": 0.976190447807312,
      "downy_mildew": 0.0,
      "healthy": 0.0,
      "powdery_mildew": 0.0
    },
    {
      "anthracnose": 0.3333333432674408,
      "botrytis_bunch_rot": 0.0,
      "downy_mildew": 0.9583333134651184,
      "healthy": 0.3207547068595886,
      "powdery_mildew": 0.0
    },
    {
      "anthracnose": 0.8095238208770752,
      "botrytis_bunch_rot": 0.4761904776096344,
      "downy_mildew": 0.0833333358168602,
      "healthy": 0.849056601524353,
      "powdery_mildew": 0.0
    },
    {
      "anthracnose": 0.9523809552192688,
      "botrytis_bunch_rot": 0.2142857164144516,
      "downy_mildew": 0.1666666716337204,
      "healthy": 0.8867924809455872,
      "powdery_mildew": 0.5
    },
    {
      "anthracnose": 0.8095238208770752,
      "botrytis_bunch_rot": 0.261904776096344,
      "downy_mildew": 0.4583333432674408,
      "healthy": 0.9245283007621765,
      "powdery_mildew": 0.5
    },
    {
      "anthracnose": 0.8571428656578064,
      "botrytis_bunch_rot": 0.3333333432674408,
      "downy_mildew": 0.375,
      "healthy": 0.9811320900917053,
      "powdery_mildew": 0.5
    },
    {
      "anthracnose": 0.8095238208770752,
      "botrytis_bunch_rot": 0.380952388048172,
      "downy_mildew": 0.6666666865348816,
      "healthy": 0.9811320900917053,
      "powdery_mildew": 0.5
    },
    {
      "anthracnose": 0.9047619104385376,
      "botrytis_bunch_rot": 0.3333333432674408,
      "downy_mildew": 0.625,
      "healthy": 0.9811320900917053,
      "powdery_mildew": 0.5
    },
    {
      "anthracnose": 0.9047619104385376,
      "botrytis_bunch_rot": 0.3333333432674408,
      "downy_mildew": 0.625,
      "healthy": 0.9811320900917053,
      "powdery_mildew": 0.5
    }
  ],
  "worst_classes": [
    [
      {
        "class_name": "healthy",
        "class_index": 3,
        "accuracy": 0.0,
        "support": 53
      },
      {
        "class_name": "botrytis_bunch_rot",
        "class_index": 1,
        "accuracy": 0.0,
        "support": 42
      },
      {
        "class_name": "downy_mildew",
        "class_index": 2,
        "accuracy": 0.0,
        "support": 24
      }
    ],
    [
      {
        "class_name": "healthy",
        "class_index": 3,
        "accuracy": 0.0,
        "support": 53
      },
      {
        "class_name": "downy_mildew",
        "class_index": 2,
        "accuracy": 0.0,
        "support": 24
      },
      {
        "class_name": "powdery_mildew",
        "class_index": 4,
        "accuracy": 0.0,
        "support": 8
      }
    ],
    [
      {
        "class_name": "botrytis_bunch_rot",
        "class_index": 1,
        "accuracy": 0.0,
        "support": 42
      },
      {
        "class_name": "powdery_mildew",
        "class_index": 4,
        "accuracy": 0.0,
        "support": 8
      },
      {
        "class_name": "healthy",
        "class_index": 3,
        "accuracy": 0.3207547068595886,
        "support": 53
      }
    ],
    [
      {
        "class_name": "powdery_mildew",
        "class_index": 4,
        "accuracy": 0.0,
        "support": 8
      },
      {
        "class_name": "downy_mildew",
        "class_index": 2,
        "accuracy": 0.0833333358168602,
        "support": 24
      },
      {
        "class_name": "botrytis_bunch_rot",
        "class_index": 1,
        "accuracy": 0.4761904776096344,
        "support": 42
      }
    ],
    [
      {
        "class_name": "downy_mildew",
        "class_index": 2,
        "accuracy": 0.1666666716337204,
        "support": 24
      },
      {
        "class_name": "botrytis_bunch_rot",
        "class_index": 1,
        "accuracy": 0.2142857164144516,
        "support": 42
      },
      {
        "class_name": "powdery_mildew",
        "class_index": 4,
        "accuracy": 0.5,
        "support": 8
      }
    ],
    [
      {
        "class_name": "botrytis_bunch_rot",
        "class_index": 1,
        "accuracy": 0.261904776096344,
        "support": 42
      },
      {
        "class_name": "downy_mildew",
        "class_index": 2,
        "accuracy": 0.4583333432674408,
        "support": 24
      },
      {
        "class_name": "powdery_mildew",
        "class_index": 4,
        "accuracy": 0.5,
        "support": 8
      }
    ],
    [
      {
        "class_name": "botrytis_bunch_rot",
        "class_index": 1,
        "accuracy": 0.3333333432674408,
        "support": 42
      },
      {
        "class_name": "downy_mildew",
        "class_index": 2,
        "accuracy": 0.375,
        "support": 24
      },
      {
        "class_name": "powdery_mildew",
        "class_index": 4,
        "accuracy": 0.5,
        "support": 8
      }
    ],
    [
      {
        "class_name": "botrytis_bunch_rot",
        "class_index": 1,
        "accuracy": 0.380952388048172,
        "support": 42
      },
      {
        "class_name": "powdery_mildew",
        "class_index": 4,
        "accuracy": 0.5,
        "support": 8
      },
      {
        "class_name": "downy_mildew",
        "class_index": 2,
        "accuracy": 0.6666666865348816,