{
  "train_loss": [
    1.630184292793274,
    1.6004276672999065,
    1.585348543666658,
    1.4278112479618617,
    1.237138072649638,
    1.2018006302061535,
    1.17288715498788,
    1.1402595270247686,
    1.110066334406535,
    1.0764504983311607,
    1.0672729696546281,
    1.0638085149583363,
    1.039211440654028,
    1.0187093842597235,
    1.0255265491349357
  ],
  "val_loss": [
    1.6497377670399276,
    1.686158464093914,
    1.3365788874070206,
    1.06907118516118,
    0.8291558714190941,
    0.7698517088932841,
    0.7515365731956712,
    0.7478324442918124,
    0.7369591365965091,
    0.7573809073695019,
    0.7669957019764546,
    0.7488178766913077,
    0.7644279898069131,
    0.8051965540460825,
    0.8371569175866219
  ],
  "val_accuracy": [
    0.13452914798206278,
    0.1031390134529148,
    0.5291479820627802,
    0.7040358744394619,
    0.7488789237668162,
    0.7040358744394619,
    0.7533632286995515,
    0.7668161434977578,
    0.7623318385650224,
    0.7533632286995515,
    0.7847533632286996,
    0.7802690582959642,
    0.7757847533632287,
    0.7713004484304933,
    0.7668161434977578
  ],
  "macro_precision": [
    0.026905829086899757,
    0.02062780223786831,
    0.510869562625885,
    0.7402320504188538,
    0.689902126789093,
    0.7647444605827332,
    0.7584754228591919,
    0.7765413522720337,
    0.698944628238678,
    0.696426510810852,
    0.7532896995544434,
    0.7204950451850891,
    0.7190210223197937,
    0.7109374403953552,
    0.7270733118057251
  ],
  "macro_recall": [
    0.20000000298023224,
    0.20000000298023224,
    0.3644973635673523,
    0.5637989044189453,
    0.6470648646354675,
    0.6044000387191772,
    0.6590264439582825,
    0.7138785719871521,
    0.6989412903785706,
    0.6969729065895081,
    0.7332123517990112,
    0.7273887395858765,
    0.7340902090072632,
    0.7223255038261414,
    0.7475448250770569
  ],
  "macro_f1": [
    0.04743083193898201,
    0.03739837557077408,
    0.32159513235092163,
    0.5824208855628967,
    0.658990740776062,
    0.5704249739646912,
    0.6743739247322083,
    0.7130843997001648,
    0.681036114692688,
    0.6778869032859802,
    0.7277576923370361,
    0.7079601883888245,
    0.7035209536552429,
    0.6990610361099243,
    0.7124567031860352
  ],
  "weighted_f1": [
    0.03190414574114196,
    0.019286157838966814,
    0.46760148531652884,
    0.6932114400136631,
    0.747591437780269,
    0.7021927769408632,
    0.7592326621838215,
    0.775002928592699,
    0.7571848368965457,
    0.7533104045508688,
    0.7887185272079946,
    0.7784085124062851,
    0.7754227163545754,
    0.7714241609445067,
    0.7724763331391886
  ],
  "balanced_accuracy": [
    0.20000000298023224,
    0.20000000298023224,
    0.3644973635673523,
    0.5637989044189453,
    0.6470648646354675,
    0.6044000387191772,
    0.6590264439582825,
    0.7138785719871521,
    0.6989412903785706,
    0.6969729065895081,
    0.7332123517990112,
    0.7273887395858765,
    0.7340902090072632,
    0.7223255038261414,
    0.7475448250770569
  ],
  "generalization_gap": [
    0.019553474246653657,
    0.08573079679400752,
    -0.24876965625963732,
    -0.3587400628006816,
    -0.40798220123054385,
    -0.4319489213128693,
    -0.42135058179220886,
    -0.39242708273295623,
    -0.37310719781002577,
    -0.31906959096165877,
    -0.30027726767817353,
    -0.31499063826702856,
    -0.274783450847115,
    -0.21351283021364098,
    -0.18836963154831377
  ],
  "per_class_accuracy": [
    {
      "strawberry_anthracnose_fruit": 0.0,
      "strawberry_gray_mold_fruit": 0.0,
      "strawberry_healthy_fruit": 1.0,
      "strawberry_powdery_mildew_fruit": 0.0,
      "strawberry_unripe_fruit": 0.0
    },
    {
      "strawberry_anthracnose_fruit": 0.0,
      "strawberry_gray_mold_fruit": 0.0,
      "strawberry_healthy_fruit": 0.0,
      "strawberry_powdery_mildew_fruit": 1.0,
      "strawberry_unripe_fruit": 0.0
    },
    {
      "strawberry_anthracnose_fruit": 0.0,
      "strawberry_gray_mold_fruit": 0.4683544337749481,
      "strawberry_healthy_fruit": 0.03333333507180214,
      "strawberry_powdery_mildew_fruit": 0.3478260934352875,
      "strawberry_unripe_fruit": 0.9729729890823364
    },
    {
      "strawberry_anthracnose_fruit": 0.23529411852359772,
      "strawberry_gray_mold_fruit": 0.7594936490058899,
      "strawberry_healthy_fruit": 0.4000000059604645,
      "strawberry_powdery_mildew_fruit": 0.47826087474823,
      "strawberry_unripe_fruit": 0.9459459185600281
    },
    {
      "strawberry_anthracnose_fruit": 0.47058823704719543,
      "strawberry_gray_mold_fruit": 0.746835470199585,
      "strawberry_healthy_fruit": 0.5666666626930237,
      "strawberry_powdery_mildew_fruit": 0.47826087474823,
      "strawberry_unripe_fruit": 0.9729729890823364
    },
    {
      "strawberry_anthracnose_fruit": 0.05882352963089943,
      "strawberry_gray_mold_fruit": 0.607594907283783,
      "strawberry_healthy_fruit": 0.6000000238418579,
      "strawberry_powdery_mildew_fruit": 0.782608687877655,
      "strawberry_unripe_fruit": 0.9729729890823364
    },
    {
      "strawberry_anthracnose_fruit": 0.4117647111415863,
      "strawberry_gray_mold_fruit": 0.7215189933776855,
      "strawberry_healthy_fruit": 0.5666666626930237,
      "strawberry_powdery_mildew_fruit": 0.6086956262588501,
      "strawberry_unripe_fruit": 0.9864864945411682
    },
    {
      "strawberry_anthracnose_fruit": 0.529411792755127,
      "strawberry_gray_mold_fruit": 0.6708860993385315,
      "strawberry_healthy_fruit": 0.6000000238418579,
      "strawberry_powdery_mildew_fruit": 0.782608687877655,
      "strawberry_unripe_fruit": 0.9864864945411682
    },
    {
      "strawberry_anthracnose_fruit": 0.8823529481887817,
      "strawberry_gray_mold_fruit": 0.7215189933776855,
      "strawberry_healthy_fruit": 0.6000000238418579,
      "strawberry_powdery_mildew_fruit": 0.30434781312942505,
      "strawberry_unripe_fruit": 0.9864864945411682
    },
    {
      "strawberry_anthracnose_fruit": 0.8235294222831726,
      "strawberry_gray_mold_fruit": 0.6835442781448364,
      "strawberry_healthy_fruit": 0.6000000238418579,
      "strawberry_powdery_mildew_fruit": 0.3913043439388275,
      "strawberry_unripe_fruit": 0.9864864945411682
    },
    {
      "strawberry_anthracnose_fruit": 0.7058823704719543,
      "strawberry_gray_mold_fruit": 0.7215189933776855,
      "strawberry_healthy_fruit": 0.6000000238418579,
      "strawberry_powdery_mildew_fruit": 0.6521739363670349,
      "strawberry_unripe_fruit": 0.9864864945411682
    },
    {
      "strawberry_anthracnose_fruit": 0.8823529481887817,
      "strawberry_gray_mold_fruit": 0.746835470199585,
      "strawberry_healthy_fruit": 0.6000000238418579,
      "strawberry_powdery_mildew_fruit": 0.43478259444236755,
      "strawberry_unripe_fruit": 0.9729729890823364
    },
    {
      "strawberry_anthracnose_fruit": 0.9411764740943909,
      "strawberry_gray_mold_fruit": 0.7215189933776855,
      "strawberry_healthy_fruit": 0.6000000238418579,
      "strawberry_powdery_mildew_fruit": 0.43478259444236755,
      "strawberry_unripe_fruit": 0.9729729890823364
    },
    {
      "strawberry_anthracnose_fruit": 0.8823529481887817,
      "strawberry_gray_mold_fruit": 0.7215189933776855,
      "strawberry_healthy_fruit": 0.6000000238418579,
      "strawberry_powdery_mildew_fruit": 0.43478259444236755,
      "strawberry_unripe_fruit": 0.9729729890823364
    },
    {
      "strawberry_anthracnose_fruit": 0.8235294222831726,
      "strawberry_gray_mold_fruit": 0.6455696225166321,
      "strawberry_healthy_fruit": 0.6000000238418579,
      "strawberry_powdery_mildew_fruit": 0.695652186870575,
      "strawberry_unripe_fruit": 0.9729729890823364
    }
  ],
  "worst_classes": [
    [
      {
        "class_name": "strawberry_gray_mold_fruit",
        "class_index": 1,
        "accuracy": 0.0,
        "support": 79
      },
      {
        "class_name": "strawberry_unripe_fruit",