{
  "train_loss": [
    1.63478189965953,
    1.6058247866837874,
    1.5831804016362065,
    1.404415540073229,
    1.213650309521219,
    1.1496875752573428,
    1.09358535123908,
    1.053064377411552,
    1.0484806817510854,
    1.02106251405633,
    0.9968005755673284,
    0.9957450161809507,
    0.9659352509871774,
    0.9644267455391262,
    0.9478994322859723,
    0.9457156424937041,
    0.9381924323413683,
    0.9280752902445586,
    0.934759399165278,
    0.9390853047370911,
    0.9395280221234197,
    0.9309315292731576,
    0.9303011868311011,
    0.930048582346543,
    0.9308040919511215,
    0.9193184608998506,
    0.9171839511912802,
    0.9309514527735503
  ],
  "val_loss": [
    1.4663773596971885,
    0.9046977813216461,
    0.6481979999734068,
    0.6345343225389376,
    0.5485067060966601,
    0.3426461072488763,
    0.26985869325440504,
    0.265143686327441,
    0.2450064216986641,
    0.2817785950944941,
    0.29798499582035615,
    0.2644207738018755,
    0.27078851496522455,
    0.27546158578011326
  ],
  "val_accuracy": [
    0.39080459770114945,
    0.7011494252873564,
    0.7701149425287356,
    0.7931034482758621,
    0.8103448275862069,
    0.8793103448275862,
    0.8908045977011494,
    0.9080459770114943,
    0.9080459770114943,
    0.896551724137931,
    0.8908045977011494,
    0.9080459770114943,
    0.9137931034482759,
    0.896551724137931
  ],
  "macro_precision": [
    0.07816091924905777,
    0.5660098791122437,
    0.61667400598526,
    0.7539542317390442,
    0.790066659450531,
    0.8362504839897156,
    0.8524486422538757,
    0.8804848790168762,
    0.8965314030647278,
    0.8622349500656128,
    0.8596190214157104,
    0.8703963160514832,
    0.8895757794380188,
    0.8658179044723511
  ],
  "macro_recall": [
    0.20000000298023224,
    0.5520062446594238,
    0.6501531600952148,
    0.7638189792633057,
    0.8309304118156433,
    0.8891380429267883,
    0.8887689709663391,
    0.9162424802780151,
    0.9116285443305969,
    0.9046056866645813,
    0.9000792503356934,
    0.9123241305351257,
    0.9242424964904785,
    0.9041608572006226
  ],
  "macro_f1": [
    0.11239669471979141,
    0.5440384745597839,
    0.6221858263015747,
    0.7328308820724487,
    0.7633307576179504,
    0.8408488035202026,
    0.8547652959823608,
    0.8848980069160461,
    0.8985224962234497,
    0.8687371015548706,
    0.858056366443634,
    0.8735251426696777,
    0.8934086561203003,
    0.8609053492546082
  ],
  "weighted_f1": [
    0.21962571418148347,
    0.6742169610385237,
    0.7433768086049749,
    0.7871425234038254,
    0.8193613688151041,
    0.8817773577810704,
    0.8914756336431394,
    0.9090729636707525,
    0.9069468180338541,
    0.8988828110968929,
    0.8938807344984734,
    0.911218402029454,
    0.9151869149043642,
    0.9015543269014906
  ],
  "balanced_accuracy": [
    0.20000000298023224,
    0.5520062446594238,
    0.6501531600952148,
    0.7638189792633057,
    0.8309304118156433,
    0.8891380429267883,
    0.8887689709663391,
    0.9162424802780151,
    0.9116285443305969,
    0.9046056866645813,
    0.9000792503356934,
    0.9123241305351257,
    0.9242424964904785,
    0.9041608572006226
  ],
  "generalization_gap": [
    -0.13944742698659884,
    -0.49971775875158286,
    -0.501489575283936,
    -0.4185300548726144,
    -0.47255580795967,
    -0.6530989089320745,
    -0.6945680522847212,
    -0.6805719561662631,
    -0.6830688685458945,
    -0.657306709642597,
    -0.6329465334528015,
    -0.6656278085446674,
    -0.6485299459346261,
    -0.655489866993437
  ],
  "per_class_accuracy": [
    {
      "anthracnose": 0.0,
      "botrytis_bunch_rot": 0.0,
      "downy_mildew": 0.0,
      "healthy": 1.0,
      "powdery_mildew": 0.0
    },
    {
      "anthracnose": 0.8260869383811951,
      "botrytis_bunch_rot": 0.6122449040412903,
      "downy_mildew": 0.23999999463558197,
      "healthy": 0.970588207244873,
      "powdery_mildew": 0.1111111119389534
    },
    {
      "anthracnose": 0.8695651888847351,
      "botrytis_bunch_rot": 0.5306122303009033,
      "downy_mildew": 0.8799999952316284,
      "healthy": 0.970588207244873,
      "powdery_mildew": 0.0
    },
    {
      "anthracnose": 0.95652174949646,
      "botrytis_bunch_rot": 0.5306122303009033,
      "downy_mildew": 0.6800000071525574,
      "healthy": 0.9852941036224365,
      "powdery_mildew": 0.6666666865348816
    },
    {
      "anthracnose": 0.9130434989929199,
      "botrytis_bunch_rot": 0.5510203838348389,
      "downy_mildew": 0.7200000286102295,
      "healthy": 0.970588207244873,
      "powdery_mildew": 1.0
    },
    {
      "anthracnose": 1.0,
      "botrytis_bunch_rot": 0.7551020383834839,
      "downy_mildew": 0.7200000286102295,
      "healthy": 0.970588207244873,
      "powdery_mildew": 1.0
    },
    {
      "anthracnose": 0.95652174949646,
      "botrytis_bunch_rot": 0.8367347121238708,
      "downy_mildew": 0.6800000071525574,
      "healthy": 0.970588207244873,
      "powdery_mildew": 1.0
    },
    {
      "anthracnose": 1.0,
      "botrytis_bunch_rot": 0.795918345451355,
      "downy_mildew": 0.800000011920929,
      "healthy": 0.9852941036224365,
      "powdery_mildew": 1.0
    },
    {
      "anthracnose": 0.95652174949646,
      "botrytis_bunch_rot": 0.8163265585899353,
      "downy_mildew": 0.800000011920929,
      "healthy": 0.9852941036224365,
      "powdery_mildew": 1.0
    },
    {
      "anthracnose": 0.95652174949646,
      "botrytis_bunch_rot": 0.795918345451355,
      "downy_mildew": 0.800000011920929,
      "healthy": 0.970588207244873,
      "powdery_mildew": 1.0
    },
    {
      "anthracnose": 1.0,
      "botrytis_bunch_rot": 0.7551020383834839,
      "downy_mildew": 0.7599999904632568,
      "healthy": 0.9852941036224365,
      "powdery_mildew": 1.0
    },
    {
      "anthracnose": 1.0,
      "botrytis_bunch_rot": 0.8163265585899353,
      "downy_mildew": 0.7599999904632568,
      "healthy": 0.9852941036224365,
      "powdery_mildew": 1.0
    },
    {
      "anthracnose": 1.0,
      "botrytis_bunch_rot": 0.795918345451355,
      "downy_mildew": 0.8399999737739563,
      "healthy": 0.9852941036224365,
      "powdery_mildew": 1.0
    },
    {
      "anthracnose": 1.0,
      "botrytis_bunch_rot": 0.7755101919174194,
      "downy_mildew": 0.7599999904632568,
      "healthy": 0.9852941036224365,
      "powdery_mildew": 1.0
    }
  ],
  "worst_classes": [
    [
      {
        "class_name": "botrytis_bunch_rot",
        "class_index": 1,
        "accuracy": 0.0,
        "support": 49
      },
      {
        "class_name": "downy_mildew",
        "class_index": 2,
        "accuracy": 0.0,
        "support": 25
      },
      {
        "class_name": "anthracnose",
        "class_index": 0,
        "accuracy": 0.0,
        "support": 23
      }
    ],
    [
      {
        "class_name": "powdery_mildew",
        "class_index": 4,
        "accuracy": 0.1111111119389534,
        "support": 9
      },
      {
        "class_name": "downy_mildew",
        "class_index": 2,
        "accuracy": 0.23999999463558197,
        "support": 25
      },
      {
        "class_name": "botrytis_bunch_rot",
        "class_index": 1,
        "accuracy": 0.6122449040412903,
        "support": 49
      }
    ],
    [
      {
        "class_name": "powdery_mildew",
        "class_index": 4,
        "accuracy": 0.0,
        "support": 9
      },
      {
        "class_name": "botrytis_bunch_rot",
        "class_index": 1,
        "accuracy": 0.5306122303009033,
        "support": 49
      },
      {
        "class_name": "anthracnose",
        "class_index": 0,
        "accuracy": 0.8695651888847351,
        "support": 23
      }
    ],
    [
      {
        "class_name": "botrytis_bunch_rot",
        "class_index": 1,
        "accuracy": 0.5306122303009033,
        "support": 49
      },
      {
        "class_name": "powdery_mildew",
        "class_index": 4,
        "accuracy": 0.6666666865348816,