{
  "train_loss": [
    1.6255646523307352,
    1.6026078322354484,
    1.5769216523450964,
    1.4886325106901281,
    1.3247447294347428,
    1.2739569159115063,
    1.2552140810910393,
    1.2132498657002169,
    1.196110017159406,
    1.168908392681795,
    1.1563517486347872,
    1.1303512278725119,
    1.1140391195521635,
    1.0985668126274557,
    1.1077923073488123
  ],
  "val_loss": [
    1.6369712080121575,
    1.6530732504455499,
    1.3907383332872605,
    1.2186514336966614,
    0.9522564066365161,
    0.8520081938649506,
    0.7354744222399365,
    0.7504449226797429,
    0.685530072980197,
    0.711263582461217,
    0.7517935538814808,
    0.773015840446802,
    0.7771212266394744,
    0.7736761477136893,
    0.8115552977926094
  ],
  "val_accuracy": [
    0.13452914798206278,
    0.1031390134529148,
    0.5515695067264574,
    0.6367713004484304,
    0.7219730941704036,
    0.7219730941704036,
    0.7443946188340808,
    0.7623318385650224,
    0.7533632286995515,
    0.7443946188340808,
    0.7757847533632287,
    0.7892376681614349,
    0.7757847533632287,
    0.7713004484304933,
    0.7802690582959642
  ],
  "macro_precision": [
    0.026905829086899757,
    0.02062780223786831,
    0.4006624221801758,
    0.4827982485294342,
    0.5451971888542175,
    0.5498879551887512,
    0.6642026305198669,
    0.704323947429657,
    0.6933282613754272,
    0.6769804954528809,
    0.7475541830062866,
    0.7396999597549438,
    0.7285836935043335,
    0.7174862623214722,
    0.7402985095977783
  ],
  "macro_recall": [
    0.20000000298023224,
    0.20000000298023224,
    0.3436993956565857,
    0.45731067657470703,
    0.5731328725814819,
    0.5967584252357483,
    0.6138583421707153,
    0.6825300455093384,
    0.6538766622543335,
    0.6703485250473022,
    0.7343130707740784,
    0.7418821454048157,
    0.7495131492614746,
    0.7284895181655884,
    0.7613037824630737
  ],
  "macro_f1": [
    0.04743083193898201,
    0.03739837557077408,
    0.3125252425670624,
    0.446039617061615,
    0.5509423017501831,
    0.5572052597999573,
    0.6300572752952576,
    0.6850599050521851,
    0.6673884987831116,
    0.6559150218963623,
    0.7209028601646423,
    0.7229703664779663,
    0.7161957025527954,
    0.7020608186721802,
    0.7268814444541931
  ],
  "weighted_f1": [
    0.03190414574114196,
    0.019286157838966814,
    0.47867912668818313,
    0.6003955105495026,
    0.6818969452862248,
    0.7101584122319927,
    0.7292307353340457,
    0.7606108798039868,
    0.7506873981835062,
    0.742751527794808,
    0.7820075338731433,
    0.7910653015957819,
    0.7807913468023052,
    0.7719286589344521,
    0.7855416199551569
  ],
  "balanced_accuracy": [
    0.20000000298023224,
    0.20000000298023224,
    0.3436993956565857,
    0.45731067657470703,
    0.5731328725814819,
    0.5967584252357483,
    0.6138583421707153,
    0.6825300455093384,
    0.6538766622543335,
    0.6703485250473022,
    0.7343130707740784,
    0.7418821454048157,
    0.7495131492614746,
    0.7284895181655884,
    0.7613037824630737
  ],
  "generalization_gap": [
    0.011406555681422237,
    0.05046541821010142,
    -0.18618331905783592,
    -0.26998107699346674,
    -0.37248832279822663,
    -0.42194872204655565,
    -0.5197396588511027,
    -0.4628049430204739,
    -0.5105799441792089,
    -0.4576448102205779,
    -0.40455819475330634,
    -0.3573353874257098,
    -0.33691789291268914,
    -0.3248906649137664,
    -0.2962370095562029
  ],
  "per_class_accuracy": [
    {
      "strawberry_anthracnose_fruit": 0.0,
      "strawberry_gray_mold_fruit": 0.0,
      "strawberry_healthy_fruit": 1.0,
      "strawberry_powdery_mildew_fruit": 0.0,
      "strawberry_unripe_fruit": 0.0
    },
    {
      "strawberry_anthracnose_fruit": 0.0,
      "strawberry_gray_mold_fruit": 0.0,
      "strawberry_healthy_fruit": 0.0,
      "strawberry_powdery_mildew_fruit": 1.0,
      "strawberry_unripe_fruit": 0.0
    },
    {
      "strawberry_anthracnose_fruit": 0.0,
      "strawberry_gray_mold_fruit": 0.6329113841056824,
      "strawberry_healthy_fruit": 0.1666666716337204,
      "strawberry_powdery_mildew_fruit": 0.0,
      "strawberry_unripe_fruit": 0.9189189076423645
    },
    {
      "strawberry_anthracnose_fruit": 0.0,
      "strawberry_gray_mold_fruit": 0.746835470199585,
      "strawberry_healthy_fruit": 0.30000001192092896,
      "strawberry_powdery_mildew_fruit": 0.3478260934352875,
      "strawberry_unripe_fruit": 0.8918918967247009
    },
    {
      "strawberry_anthracnose_fruit": 0.529411792755127,
      "strawberry_gray_mold_fruit": 0.8101266026496887,
      "strawberry_healthy_fruit": 0.5666666626930237,
      "strawberry_powdery_mildew_fruit": 0.0,
      "strawberry_unripe_fruit": 0.9594594836235046
    },
    {
      "strawberry_anthracnose_fruit": 0.0,
      "strawberry_gray_mold_fruit": 0.7088607549667358,
      "strawberry_healthy_fruit": 0.6333333253860474,
      "strawberry_powdery_mildew_fruit": 0.695652186870575,
      "strawberry_unripe_fruit": 0.9459459185600281
    },
    {
      "strawberry_anthracnose_fruit": 0.5882353186607361,
      "strawberry_gray_mold_fruit": 0.797468364238739,
      "strawberry_healthy_fruit": 0.5666666626930237,
      "strawberry_powdery_mildew_fruit": 0.1304347813129425,
      "strawberry_unripe_fruit": 0.9864864945411682
    },
    {
      "strawberry_anthracnose_fruit": 0.6470588445663452,
      "strawberry_gray_mold_fruit": 0.7341772317886353,
      "strawberry_healthy_fruit": 0.5666666626930237,
      "strawberry_powdery_mildew_fruit": 0.47826087474823,
      "strawberry_unripe_fruit": 0.9864864945411682
    },
    {
      "strawberry_anthracnose_fruit": 0.5882353186607361,
      "strawberry_gray_mold_fruit": 0.746835470199585,
      "strawberry_healthy_fruit": 0.6000000238418579,
      "strawberry_powdery_mildew_fruit": 0.3478260934352875,
      "strawberry_unripe_fruit": 0.9864864945411682
    },
    {
      "strawberry_anthracnose_fruit": 0.7647058963775635,
      "strawberry_gray_mold_fruit": 0.6962025165557861,
      "strawberry_healthy_fruit": 0.6000000238418579,
      "strawberry_powdery_mildew_fruit": 0.30434781312942505,
      "strawberry_unripe_fruit": 0.9864864945411682
    },
    {
      "strawberry_anthracnose_fruit": 0.7058823704719543,
      "strawberry_gray_mold_fruit": 0.6835442781448364,
      "strawberry_healthy_fruit": 0.6000000238418579,
      "strawberry_powdery_mildew_fruit": 0.695652186870575,
      "strawberry_unripe_fruit": 0.9864864945411682
    },
    {
      "strawberry_anthracnose_fruit": 0.8235294222831726,
      "strawberry_gray_mold_fruit": 0.7341772317886353,
      "strawberry_healthy_fruit": 0.6000000238418579,
      "strawberry_powdery_mildew_fruit": 0.5652173757553101,
      "strawberry_unripe_fruit": 0.9864864945411682
    },
    {
      "strawberry_anthracnose_fruit": 0.8823529481887817,
      "strawberry_gray_mold_fruit": 0.6835442781448364,
      "strawberry_healthy_fruit": 0.6000000238418579,
      "strawberry_powdery_mildew_fruit": 0.6086956262588501,
      "strawberry_unripe_fruit": 0.9729729890823364
    },
    {
      "strawberry_anthracnose_fruit": 0.8823529481887817,
      "strawberry_gray_mold_fruit": 0.7088607549667358,
      "strawberry_healthy_fruit": 0.6000000238418579,
      "strawberry_powdery_mildew_fruit": 0.47826087474823,
      "strawberry_unripe_fruit": 0.9729729890823364
    },
    {
      "strawberry_anthracnose_fruit": 0.8235294222831726,
      "strawberry_gray_mold_fruit": 0.6708860993385315,
      "strawberry_healthy_fruit": 0.6000000238418579,
      "strawberry_powdery_mildew_fruit": 0.739130437374115,
      "strawberry_unripe_fruit": 0.9729729890823364
    }
  ],
  "worst_classes": [
    [
      {
        "class_name": "strawberry_gray_mold_fruit",
        "class_index": 1,
        "accuracy": 0.0,
        "support": 79
      },
      {
        "class_name": "strawberry_unripe_fruit",
        "class_index": 4,
        "accuracy": 0.0,